word,definition
hello,A greeting or salutation.
world,The Earth and its inhabitants.
python,A popular programming language.
code,A set of instructions for a computer.
computer,An electronic device for processing information.
algorithm,A procedure for solving a problem.
data,Information stored or processed by a computer.
software,Programs and operating information for computers.
network,A group of interconnected computers or devices.
artificial, Made or produced by human skill or effort.
intelligence,The ability to learn understand and think.
machine,A device or system that performs tasks automatically.
learn,To gain knowledge or skill by study or experience.